[{"model": "admin.logentry", "pk": 1, "fields": {"action_time": "2023-04-26T21:08:32.905Z", "user": 1, "content_type": 13, "object_id": "5", "object_repr": "StageParticipants object (5)", "action_flag": 1, "change_message": "[{\"added\": {}}]"}}, {"model": "admin.logentry", "pk": 2, "fields": {"action_time": "2023-04-26T21:09:37.713Z", "user": 1, "content_type": 13, "object_id": "6", "object_repr": "StageParticipants object (6)", "action_flag": 1, "change_message": "[{\"added\": {}}]"}}, {"model": "admin.logentry", "pk": 3, "fields": {"action_time": "2023-04-26T21:11:36.730Z", "user": 1, "content_type": 13, "object_id": "5", "object_repr": "StageParticipants object (5)", "action_flag": 2, "change_message": "[{\"changed\": {\"fields\": [\"\\u0420\\u043e\\u043b\\u044c\"]}}]"}}, {"model": "admin.logentry", "pk": 4, "fields": {"action_time": "2023-04-27T17:21:43.058Z", "user": 1, "content_type": 13, "object_id": "7", "object_repr": "StageParticipants object (7)", "action_flag": 1, "change_message": "[{\"added\": {}}]"}}, {"model": "admin.logentry", "pk": 5, "fields": {"action_time": "2023-04-27T19:06:48.835Z", "user": 1, "content_type": 10, "object_id": "2", "object_repr": "питер", "action_flag": 1, "change_message": "[{\"added\": {}}]"}}, {"model": "admin.logentry", "pk": 6, "fields": {"action_time": "2023-04-27T19:11:32.594Z", "user": 1, "content_type": 9, "object_id": "5", "object_repr": "Этап для списка площадок", "action_flag": 2, "change_message": "[{\"changed\": {\"fields\": [\"\\u041d\\u0430\\u0437\\u0432\\u0430\\u043d\\u0438\\u0435 \\u044d\\u0442\\u0430\\u043f\\u0430\", \"Description\", \"Preview\", \"Next stage\"]}}]"}}, {"model": "admin.logentry", "pk": 7, "fields": {"action_time": "2023-04-27T19:18:11.759Z", "user": 1, "content_type": 10, "object_id": "3", "object_repr": "Анапа", "action_flag": 1, "change_message": "[{\"added\": {}}]"}}, {"model": "admin.logentry", "pk": 8, "fields": {"action_time": "2023-05-19T12:56:07.270Z", "user": 1, "content_type": 13, "object_id": "8", "object_repr": "StageParticipants object (8)", "action_flag": 1, "change_message": "[{\"added\": {}}]"}}, {"model": "admin.logentry", "pk": 9, "fields": {"action_time": "2023-05-20T11:10:37.903Z", "user": 1, "content_type": 8, "object_id": "4", "object_repr": "Weekend offer", "action_flag": 2, "change_message": "[{\"changed\": {\"fields\": [\"\\u041d\\u0430\\u0437\\u0432\\u0430\\u043d\\u0438\\u0435 \\u043c\\u0435\\u0440\\u043e\\u043f\\u0440\\u0438\\u044f\\u0442\\u0438\\u044f\", \"Description\"]}}]"}}, {"model": "admin.logentry", "pk": 10, "fields": {"action_time": "2023-05-20T11:11:18.264Z", "user": 1, "content_type": 9, "object_id": "4", "object_repr": "Weekend offer", "action_flag": 2, "change_message": "[{\"changed\": {\"fields\": [\"\\u041d\\u0430\\u0437\\u0432\\u0430\\u043d\\u0438\\u0435 \\u044d\\u0442\\u0430\\u043f\\u0430\", \"Description\", \"Preview\", \"Next stage\"]}}]"}}, {"model": "admin.logentry", "pk": 11, "fields": {"action_time": "2023-05-20T11:11:49.964Z", "user": 1, "content_type": 9, "object_id": "11", "object_repr": "Хакатон этап 1", "action_flag": 2, "change_message": "[{\"changed\": {\"fields\": [\"\\u041d\\u0430\\u0437\\u0432\\u0430\\u043d\\u0438\\u0435 \\u044d\\u0442\\u0430\\u043f\\u0430\", \"Description\", \"Preview\"]}}]"}}, {"model": "admin.logentry", "pk": 12, "fields": {"action_time": "2023-05-20T11:12:11.367Z", "user": 1, "content_type": 9, "object_id": "12", "object_repr": "Хакатон этап 2", "action_flag": 2, "change_message": "[{\"changed\": {\"fields\": [\"\\u041d\\u0430\\u0437\\u0432\\u0430\\u043d\\u0438\\u0435 \\u044d\\u0442\\u0430\\u043f\\u0430\", \"Description\", \"Preview\"]}}]"}}, {"model": "admin.logentry", "pk": 13, "fields": {"action_time": "2023-05-20T11:13:16.420Z", "user": 1, "content_type": 8, "object_id": "5", "object_repr": "Несколько площадок event", "action_flag": 2, "change_message": "[{\"changed\": {\"fields\": [\"\\u041d\\u0430\\u0437\\u0432\\u0430\\u043d\\u0438\\u0435 \\u043c\\u0435\\u0440\\u043e\\u043f\\u0440\\u0438\\u044f\\u0442\\u0438\\u044f\", \"Description\"]}}]"}}, {"model": "admin.logentry", "pk": 14, "fields": {"action_time": "2023-05-20T11:16:01.602Z", "user": 1, "content_type": 8, "object_id": "2", "object_repr": "Yandex offer Frontend", "action_flag": 2, "change_message": "[{\"changed\": {\"fields\": [\"\\u041d\\u0430\\u0437\\u0432\\u0430\\u043d\\u0438\\u0435 \\u043c\\u0435\\u0440\\u043e\\u043f\\u0440\\u0438\\u044f\\u0442\\u0438\\u044f\", \"Description\"]}}]"}}, {"model": "admin.logentry", "pk": 15, "fields": {"action_time": "2023-05-20T11:17:16.900Z", "user": 1, "content_type": 8, "object_id": "3", "object_repr": "Sber job fair", "action_flag": 2, "change_message": "[{\"changed\": {\"fields\": [\"\\u041d\\u0430\\u0437\\u0432\\u0430\\u043d\\u0438\\u0435 \\u043c\\u0435\\u0440\\u043e\\u043f\\u0440\\u0438\\u044f\\u0442\\u0438\\u044f\", \"Description\"]}}]"}}, {"model": "admin.logentry", "pk": 16, "fields": {"action_time": "2023-05-20T11:18:44.014Z", "user": 1, "content_type": 8, "object_id": "1", "object_repr": "yandex job fair", "action_flag": 2, "change_message": "[{\"changed\": {\"fields\": [\"\\u041d\\u0430\\u0437\\u0432\\u0430\\u043d\\u0438\\u0435 \\u043c\\u0435\\u0440\\u043e\\u043f\\u0440\\u0438\\u044f\\u0442\\u0438\\u044f\", \"Description\"]}}]"}}, {"model": "admin.logentry", "pk": 17, "fields": {"action_time": "2023-05-20T11:20:28.742Z", "user": 1, "content_type": 9, "object_id": "3", "object_repr": "А это этап 3", "action_flag": 2, "change_message": "[{\"changed\": {\"fields\": [\"Preview\", \"Next stage\"]}}]"}}, {"model": "admin.logentry", "pk": 18, "fields": {"action_time": "2023-05-20T11:21:59.246Z", "user": 1, "content_type": 10, "object_id": "1", "object_repr": "Первая и единственная площадка", "action_flag": 2, "change_message": "[{\"changed\": {\"fields\": [\"Parental stage id\"]}}]"}}, {"model": "admin.logentry", "pk": 19, "fields": {"action_time": "2023-05-20T11:49:31.878Z", "user": 1, "content_type": 10, "object_id": "1", "object_repr": "Первая и единственная площадка", "action_flag": 2, "change_message": "[{\"changed\": {\"fields\": [\"Parental stage\"]}}]"}}, {"model": "admin.logentry", "pk": 20, "fields": {"action_time": "2023-05-22T20:10:38.723Z", "user": 1, "content_type": 8, "object_id": "5", "object_repr": "Несколько площадок event", "action_flag": 3, "change_message": ""}}, {"model": "admin.logentry", "pk": 21, "fields": {"action_time": "2023-05-22T20:10:48.435Z", "user": 1, "content_type": 8, "object_id": "4", "object_repr": "Weekend offer", "action_flag": 3, "change_message": ""}}, {"model": "admin.logentry", "pk": 22, "fields": {"action_time": "2023-05-22T20:11:44.911Z", "user": 1, "content_type": 8, "object_id": "2", "object_repr": "Yandex job fair", "action_flag": 2, "change_message": "[{\"changed\": {\"fields\": [\"\\u041d\\u0430\\u0437\\u0432\\u0430\\u043d\\u0438\\u0435 \\u043c\\u0435\\u0440\\u043e\\u043f\\u0440\\u0438\\u044f\\u0442\\u0438\\u044f\", \"Description\"]}}]"}}, {"model": "admin.logentry", "pk": 23, "fields": {"action_time": "2023-05-22T20:13:14.894Z", "user": 1, "content_type": 8, "object_id": "3", "object_repr": "Sber Offer Weekend", "action_flag": 2, "change_message": "[{\"changed\": {\"fields\": [\"\\u041d\\u0430\\u0437\\u0432\\u0430\\u043d\\u0438\\u0435 \\u043c\\u0435\\u0440\\u043e\\u043f\\u0440\\u0438\\u044f\\u0442\\u0438\\u044f\", \"Description\"]}}]"}}, {"model": "admin.logentry", "pk": 24, "fields": {"action_time": "2023-05-22T20:13:59.871Z", "user": 1, "content_type": 8, "object_id": "1", "object_repr": "Технокубок 2022-2023", "action_flag": 2, "change_message": "[{\"changed\": {\"fields\": [\"\\u041d\\u0430\\u0437\\u0432\\u0430\\u043d\\u0438\\u0435 \\u043c\\u0435\\u0440\\u043e\\u043f\\u0440\\u0438\\u044f\\u0442\\u0438\\u044f\", \"Description\"]}}]"}}, {"model": "admin.logentry", "pk": 25, "fields": {"action_time": "2023-05-22T20:16:07.337Z", "user": 1, "content_type": 8, "object_id": "6", "object_repr": "Хакатон Sber Backend", "action_flag": 2, "change_message": "[{\"changed\": {\"fields\": [\"\\u041d\\u0430\\u0437\\u0432\\u0430\\u043d\\u0438\\u0435 \\u043c\\u0435\\u0440\\u043e\\u043f\\u0440\\u0438\\u044f\\u0442\\u0438\\u044f\", \"Description\"]}}]"}}, {"model": "admin.logentry", "pk": 26, "fields": {"action_time": "2023-05-22T20:17:22.212Z", "user": 1, "content_type": 8, "object_id": "2", "object_repr": "Yandex job fair", "action_flag": 2, "change_message": "[{\"changed\": {\"fields\": [\"Description\"]}}]"}}, {"model": "admin.logentry", "pk": 27, "fields": {"action_time": "2023-05-22T21:07:29.865Z", "user": 1, "content_type": 10, "object_id": "3", "object_repr": "Анапа", "action_flag": 2, "change_message": "[{\"changed\": {\"fields\": [\"\\u0410\\u0434\\u0440\\u0435\\u0441\", \"Parental stage\"]}}]"}}, {"model": "admin.logentry", "pk": 28, "fields": {"action_time": "2023-05-22T21:09:15.758Z", "user": 1, "content_type": 10, "object_id": "2", "object_repr": "Москва Offer Sber", "action_flag": 2, "change_message": "[{\"changed\": {\"fields\": [\"\\u041d\\u0430\\u0437\\u0432\\u0430\\u043d\\u0438\\u0435\", \"\\u0410\\u0434\\u0440\\u0435\\u0441\", \"Parental stage\"]}}]"}}, {"model": "admin.logentry", "pk": 29, "fields": {"action_time": "2023-05-22T21:15:02.837Z", "user": 1, "content_type": 7, "object_id": "12", "object_repr": "Полуфинал Хакатона", "action_flag": 2, "change_message": "[{\"changed\": {\"fields\": [\"\\u041c\\u043e\\u0436\\u043d\\u043e \\u0437\\u0430\\u0440\\u0435\\u0433\\u0438\\u0441\\u0442\\u0440\\u0438\\u0440\\u043e\\u0432\\u0430\\u0442\\u044c\\u0441\\u044f\"]}}]"}}, {"model": "admin.logentry", "pk": 30, "fields": {"action_time": "2023-05-22T21:15:07.105Z", "user": 1, "content_type": 9, "object_id": "12", "object_repr": "Полуфинал Хакатона", "action_flag": 2, "change_message": "[]"}}, {"model": "admin.logentry", "pk": 31, "fields": {"action_time": "2023-05-22T21:19:36.772Z", "user": 1, "content_type": 9, "object_id": "3", "object_repr": "Технокубок Тестовый Этап", "action_flag": 2, "change_message": "[{\"changed\": {\"fields\": [\"\\u041d\\u0430\\u0437\\u0432\\u0430\\u043d\\u0438\\u0435 \\u044d\\u0442\\u0430\\u043f\\u0430\", \"Preview\"]}}]"}}, {"model": "admin.logentry", "pk": 32, "fields": {"action_time": "2023-05-22T21:20:30.867Z", "user": 1, "content_type": 9, "object_id": "1", "object_repr": "Yandex Job Fair", "action_flag": 2, "change_message": "[{\"changed\": {\"fields\": [\"\\u041d\\u0430\\u0437\\u0432\\u0430\\u043d\\u0438\\u0435 \\u044d\\u0442\\u0430\\u043f\\u0430\", \"Description\"]}}]"}}, {"model": "admin.logentry", "pk": 33, "fields": {"action_time": "2023-05-22T21:22:45.794Z", "user": 1, "content_type": 9, "object_id": "2", "object_repr": "Sber Offer Weekend", "action_flag": 2, "change_message": "[{\"changed\": {\"fields\": [\"\\u041d\\u0430\\u0437\\u0432\\u0430\\u043d\\u0438\\u0435 \\u044d\\u0442\\u0430\\u043f\\u0430\", \"Preview\"]}}]"}}, {"model": "admin.logentry", "pk": 34, "fields": {"action_time": "2023-05-22T21:22:59.359Z", "user": 1, "content_type": 9, "object_id": "3", "object_repr": "Технокубок Тестовый Этап", "action_flag": 2, "change_message": "[{\"changed\": {\"fields\": [\"Preview\"]}}]"}}, {"model": "admin.logentry", "pk": 35, "fields": {"action_time": "2023-05-22T21:23:09.524Z", "user": 1, "content_type": 9, "object_id": "6", "object_repr": "Хакатон Backend Финал", "action_flag": 2, "change_message": "[{\"changed\": {\"fields\": [\"Preview\"]}}]"}}, {"model": "admin.logentry", "pk": 36, "fields": {"action_time": "2023-05-22T21:24:03.719Z", "user": 1, "content_type": 7, "object_id": "6", "object_repr": "Хакатон Backend Финал", "action_flag": 2, "change_message": "[{\"changed\": {\"fields\": [\"\\u041c\\u043e\\u0436\\u043d\\u043e \\u0437\\u0430\\u0440\\u0435\\u0433\\u0438\\u0441\\u0442\\u0440\\u0438\\u0440\\u043e\\u0432\\u0430\\u0442\\u044c\\u0441\\u044f\"]}}]"}}, {"model": "admin.logentry", "pk": 37, "fields": {"action_time": "2023-05-22T21:24:06.547Z", "user": 1, "content_type": 9, "object_id": "6", "object_repr": "Хакатон Backend Финал", "action_flag": 2, "change_message": "[]"}}, {"model": "admin.logentry", "pk": 38, "fields": {"action_time": "2023-05-22T21:25:05.148Z", "user": 1, "content_type": 9, "object_id": "15", "object_repr": "Отбор Backend Sber 1", "action_flag": 2, "change_message": "[{\"changed\": {\"fields\": [\"Preview\"]}}]"}}, {"model": "admin.logentry", "pk": 39, "fields": {"action_time": "2023-05-22T21:25:18.737Z", "user": 1, "content_type": 9, "object_id": "13", "object_repr": "Отбор Backend Sber 2", "action_flag": 2, "change_message": "[{\"changed\": {\"fields\": [\"Description\", \"Preview\"]}}]"}}, {"model": "admin.logentry", "pk": 40, "fields": {"action_time": "2023-05-22T21:25:28.422Z", "user": 1, "content_type": 9, "object_id": "15", "object_repr": "Отбор Backend Sber 1", "action_flag": 2, "change_message": "[{\"changed\": {\"fields\": [\"Description\", \"Preview\"]}}]"}}, {"model": "admin.logentry", "pk": 41, "fields": {"action_time": "2023-05-22T21:25:41.483Z", "user": 1, "content_type": 9, "object_id": "14", "object_repr": "Отбор Backend Sber 3", "action_flag": 2, "change_message": "[{\"changed\": {\"fields\": [\"\\u041d\\u0430\\u0437\\u0432\\u0430\\u043d\\u0438\\u0435 \\u044d\\u0442\\u0430\\u043f\\u0430\", \"Description\", \"Preview\"]}}]"}}, {"model": "admin.logentry", "pk": 42, "fields": {"action_time": "2023-05-22T21:26:56.094Z", "user": 1, "content_type": 9, "object_id": "15", "object_repr": "Отбор Backend Sber 1", "action_flag": 2, "change_message": "[{\"changed\": {\"fields\": [\"Time start\", \"Time end\"]}}]"}}, {"model": "admin.logentry", "pk": 43, "fields": {"action_time": "2023-05-22T21:27:14.734Z", "user": 1, "content_type": 9, "object_id": "13", "object_repr": "Отбор Backend Sber 2", "action_flag": 2, "change_message": "[{\"changed\": {\"fields\": [\"Time start\", \"Time end\"]}}]"}}, {"model": "admin.logentry", "pk": 44, "fields": {"action_time": "2023-05-22T21:27:38.311Z", "user": 1, "content_type": 9, "object_id": "14", "object_repr": "Отбор Backend Sber 3", "action_flag": 2, "change_message": "[{\"changed\": {\"fields\": [\"Time start\", \"Time end\"]}}]"}}, {"model": "admin.logentry", "pk": 45, "fields": {"action_time": "2023-05-22T21:28:27.728Z", "user": 1, "content_type": 9, "object_id": "12", "object_repr": "Полуфинал Хакатона", "action_flag": 2, "change_message": "[{\"changed\": {\"fields\": [\"Preview\", \"Time start\", \"Time end\"]}}]"}}, {"model": "admin.logentry", "pk": 46, "fields": {"action_time": "2023-05-22T21:31:18.406Z", "user": 1, "content_type": 9, "object_id": "6", "object_repr": "Хакатон Backend Финал", "action_flag": 2, "change_message": "[{\"changed\": {\"fields\": [\"Description\", \"Preview\", \"Time start\", \"Time end\"]}}]"}}, {"model": "admin.logentry", "pk": 47, "fields": {"action_time": "2023-05-22T21:31:35.450Z", "user": 1, "content_type": 9, "object_id": "1", "object_repr": "Yandex Job Fair", "action_flag": 2, "change_message": "[{\"changed\": {\"fields\": [\"Preview\"]}}]"}}, {"model": "admin.logentry", "pk": 48, "fields": {"action_time": "2023-05-22T21:32:48.711Z", "user": 1, "content_type": 10, "object_id": "3", "object_repr": "Анапа", "action_flag": 2, "change_message": "[]"}}, {"model": "admin.logentry", "pk": 49, "fields": {"action_time": "2023-05-22T21:33:30.257Z", "user": 1, "content_type": 10, "object_id": "2", "object_repr": "Москва Offer Sber", "action_flag": 2, "change_message": "[]"}}, {"model": "admin.logentry", "pk": 50, "fields": {"action_time": "2023-05-22T21:35:42.182Z", "user": 1, "content_type": 10, "object_id": "4", "object_repr": "Москва Offer Sber", "action_flag": 1, "change_message": "[{\"added\": {}}]"}}, {"model": "admin.logentry", "pk": 51, "fields": {"action_time": "2023-05-22T21:37:32.077Z", "user": 1, "content_type": 10, "object_id": "5", "object_repr": "Москва Offer Sber", "action_flag": 1, "change_message": "[{\"added\": {}}]"}}, {"model": "admin.logentry", "pk": 52, "fields": {"action_time": "2023-05-22T21:38:13.327Z", "user": 1, "content_type": 10, "object_id": "6", "object_repr": "Москва Offer Sber", "action_flag": 1, "change_message": "[{\"added\": {}}]"}}, {"model": "admin.logentry", "pk": 53, "fields": {"action_time": "2023-05-22T21:38:32.414Z", "user": 1, "content_type": 10, "object_id": "3", "object_repr": "Анапа", "action_flag": 2, "change_message": "[{\"changed\": {\"fields\": [\"Parental stage\"]}}]"}}, {"model": "admin.logentry", "pk": 54, "fields": {"action_time": "2023-05-22T21:39:55.611Z", "user": 1, "content_type": 10, "object_id": "1", "object_repr": "yandex.contest", "action_flag": 2, "change_message": "[{\"changed\": {\"fields\": [\"\\u041d\\u0430\\u0437\\u0432\\u0430\\u043d\\u0438\\u0435\", \"Parental stage\"]}}]"}}, {"model": "admin.logentry", "pk": 55, "fields": {"action_time": "2023-05-22T21:48:44.123Z", "user": 1, "content_type": 4, "object_id": "7", "object_repr": "ivankomar", "action_flag": 2, "change_message": "[{\"changed\": {\"fields\": [\"Email address\"]}}]"}}, {"model": "admin.logentry", "pk": 56, "fields": {"action_time": "2023-05-22T22:02:35.688Z", "user": 1, "content_type": 10, "object_id": "4", "object_repr": "Москва Offer Sber 1", "action_flag": 2, "change_message": "[{\"changed\": {\"fields\": [\"\\u041d\\u0430\\u0437\\u0432\\u0430\\u043d\\u0438\\u0435\"]}}]"}}, {"model": "admin.logentry", "pk": 57, "fields": {"action_time": "2023-05-22T22:02:50.071Z", "user": 1, "content_type": 10, "object_id": "5", "object_repr": "Москва Offer Sber 2", "action_flag": 2, "change_message": "[{\"changed\": {\"fields\": [\"\\u041d\\u0430\\u0437\\u0432\\u0430\\u043d\\u0438\\u0435\"]}}]"}}, {"model": "admin.logentry", "pk": 58, "fields": {"action_time": "2023-05-22T22:03:13.894Z", "user": 1, "content_type": 10, "object_id": "6", "object_repr": "Москва Offer Sber 3", "action_flag": 2, "change_message": "[{\"changed\": {\"fields\": [\"\\u041d\\u0430\\u0437\\u0432\\u0430\\u043d\\u0438\\u0435\"]}}]"}}, {"model": "admin.logentry", "pk": 59, "fields": {"action_time": "2023-05-22T22:03:27.578Z", "user": 1, "content_type": 10, "object_id": "2", "object_repr": "Москва Offer Sber 0.5", "action_flag": 2, "change_message": "[{\"changed\": {\"fields\": [\"\\u041d\\u0430\\u0437\\u0432\\u0430\\u043d\\u0438\\u0435\"]}}]"}}, {"model": "admin.logentry", "pk": 60, "fields": {"action_time": "2023-05-22T22:04:27.021Z", "user": 1, "content_type": 13, "object_id": "9", "object_repr": "StageParticipants object (9)", "action_flag": 1, "change_message": "[{\"added\": {}}]"}}, {"model": "admin.logentry", "pk": 61, "fields": {"action_time": "2023-05-22T22:05:34.148Z", "user": 1, "content_type": 13, "object_id": "10", "object_repr": "StageParticipants object (10)", "action_flag": 1, "change_message": "[{\"added\": {}}]"}}, {"model": "admin.logentry", "pk": 62, "fields": {"action_time": "2023-05-22T22:07:53.431Z", "user": 1, "content_type": 13, "object_id": "11", "object_repr": "StageParticipants object (11)", "action_flag": 1, "change_message": "[{\"added\": {}}]"}}, {"model": "admin.logentry", "pk": 63, "fields": {"action_time": "2023-05-22T22:08:04.456Z", "user": 1, "content_type": 13, "object_id": "12", "object_repr": "StageParticipants object (12)", "action_flag": 1, "change_message": "[{\"added\": {}}]"}}, {"model": "admin.logentry", "pk": 64, "fields": {"action_time": "2023-05-22T22:08:18.402Z", "user": 1, "content_type": 13, "object_id": "13", "object_repr": "StageParticipants object (13)", "action_flag": 1, "change_message": "[{\"added\": {}}]"}}, {"model": "admin.logentry", "pk": 65, "fields": {"action_time": "2023-05-22T22:08:21.880Z", "user": 1, "content_type": 13, "object_id": "13", "object_repr": "StageParticipants object (13)", "action_flag": 2, "change_message": "[]"}}, {"model": "admin.logentry", "pk": 66, "fields": {"action_time": "2023-05-22T22:08:44.393Z", "user": 1, "content_type": 13, "object_id": "14", "object_repr": "StageParticipants object (14)", "action_flag": 1, "change_message": "[{\"added\": {}}]"}}, {"model": "admin.logentry", "pk": 67, "fields": {"action_time": "2023-05-22T22:08:56.994Z", "user": 1, "content_type": 13, "object_id": "15", "object_repr": "StageParticipants object (15)", "action_flag": 1, "change_message": "[{\"added\": {}}]"}}, {"model": "admin.logentry", "pk": 68, "fields": {"action_time": "2023-05-22T22:09:10.935Z", "user": 1, "content_type": 13, "object_id": "16", "object_repr": "StageParticipants object (16)", "action_flag": 1, "change_message": "[{\"added\": {}}]"}}, {"model": "admin.logentry", "pk": 69, "fields": {"action_time": "2023-05-22T22:10:12.692Z", "user": 1, "content_type": 13, "object_id": "17", "object_repr": "StageParticipants object (17)", "action_flag": 1, "change_message": "[{\"added\": {}}]"}}, {"model": "admin.logentry", "pk": 70, "fields": {"action_time": "2023-05-22T22:11:04.943Z", "user": 1, "content_type": 13, "object_id": "18", "object_repr": "StageParticipants object (18)", "action_flag": 1, "change_message": "[{\"added\": {}}]"}}, {"model": "admin.logentry", "pk": 71, "fields": {"action_time": "2023-05-22T22:11:38.145Z", "user": 1, "content_type": 13, "object_id": "19", "object_repr": "StageParticipants object (19)", "action_flag": 1, "change_message": "[{\"added\": {}}]"}}, {"model": "admin.logentry", "pk": 72, "fields": {"action_time": "2023-05-22T22:14:28.257Z", "user": 1, "content_type": 13, "object_id": "20", "object_repr": "StageParticipants object (20)", "action_flag": 1, "change_message": "[{\"added\": {}}]"}}, {"model": "admin.logentry", "pk": 73, "fields": {"action_time": "2023-05-22T22:15:45.615Z", "user": 1, "content_type": 13, "object_id": "21", "object_repr": "StageParticipants object (21)", "action_flag": 1, "change_message": "[{\"added\": {}}]"}}, {"model": "admin.logentry", "pk": 74, "fields": {"action_time": "2023-05-22T22:15:56.277Z", "user": 1, "content_type": 13, "object_id": "22", "object_repr": "StageParticipants object (22)", "action_flag": 1, "change_message": "[{\"added\": {}}]"}}, {"model": "admin.logentry", "pk": 75, "fields": {"action_time": "2023-05-22T22:16:05.876Z", "user": 1, "content_type": 13, "object_id": "23", "object_repr": "StageParticipants object (23)", "action_flag": 1, "change_message": "[{\"added\": {}}]"}}, {"model": "admin.logentry", "pk": 76, "fields": {"action_time": "2023-05-22T22:25:20.057Z", "user": 1, "content_type": 13, "object_id": "8", "object_repr": "StageParticipants object (8)", "action_flag": 2, "change_message": "[{\"changed\": {\"fields\": [\"Stage\", \"Venue\"]}}]"}}, {"model": "auth.permission", "pk": 1, "fields": {"name": "Can add log entry", "content_type": 1, "codename": "add_logentry"}}, {"model": "auth.permission", "pk": 2, "fields": {"name": "Can change log entry", "content_type": 1, "codename": "change_logentry"}}, {"model": "auth.permission", "pk": 3, "fields": {"name": "Can delete log entry", "content_type": 1, "codename": "delete_logentry"}}, {"model": "auth.permission", "pk": 4, "fields": {"name": "Can view log entry", "content_type": 1, "codename": "view_logentry"}}, {"model": "auth.permission", "pk": 5, "fields": {"name": "Can add permission", "content_type": 2, "codename": "add_permission"}}, {"model": "auth.permission", "pk": 6, "fields": {"name": "Can change permission", "content_type": 2, "codename": "change_permission"}}, {"model": "auth.permission", "pk": 7, "fields": {"name": "Can delete permission", "content_type": 2, "codename": "delete_permission"}}, {"model": "auth.permission", "pk": 8, "fields": {"name": "Can view permission", "content_type": 2, "codename": "view_permission"}}, {"model": "auth.permission", "pk": 9, "fields": {"name": "Can add group", "content_type": 3, "codename": "add_group"}}, {"model": "auth.permission", "pk": 10, "fields": {"name": "Can change group", "content_type": 3, "codename": "change_group"}}, {"model": "auth.permission", "pk": 11, "fields": {"name": "Can delete group", "content_type": 3, "codename": "delete_group"}}, {"model": "auth.permission", "pk": 12, "fields": {"name": "Can view group", "content_type": 3, "codename": "view_group"}}, {"model": "auth.permission", "pk": 13, "fields": {"name": "Can add user", "content_type": 4, "codename": "add_user"}}, {"model": "auth.permission", "pk": 14, "fields": {"name": "Can change user", "content_type": 4, "codename": "change_user"}}, {"model": "auth.permission", "pk": 15, "fields": {"name": "Can delete user", "content_type": 4, "codename": "delete_user"}}, {"model": "auth.permission", "pk": 16, "fields": {"name": "Can view user", "content_type": 4, "codename": "view_user"}}, {"model": "auth.permission", "pk": 17, "fields": {"name": "Can add content type", "content_type": 5, "codename": "add_contenttype"}}, {"model": "auth.permission", "pk": 18, "fields": {"name": "Can change content type", "content_type": 5, "codename": "change_contenttype"}}, {"model": "auth.permission", "pk": 19, "fields": {"name": "Can delete content type", "content_type": 5, "codename": "delete_contenttype"}}, {"model": "auth.permission", "pk": 20, "fields": {"name": "Can view content type", "content_type": 5, "codename": "view_contenttype"}}, {"model": "auth.permission", "pk": 21, "fields": {"name": "Can add session", "content_type": 6, "codename": "add_session"}}, {"model": "auth.permission", "pk": 22, "fields": {"name": "Can change session", "content_type": 6, "codename": "change_session"}}, {"model": "auth.permission", "pk": 23, "fields": {"name": "Can delete session", "content_type": 6, "codename": "delete_session"}}, {"model": "auth.permission", "pk": 24, "fields": {"name": "Can view session", "content_type": 6, "codename": "view_session"}}, {"model": "auth.permission", "pk": 25, "fields": {"name": "Can add Настройки этапа", "content_type": 7, "codename": "add_stagesettings"}}, {"model": "auth.permission", "pk": 26, "fields": {"name": "Can change Настройки этапа", "content_type": 7, "codename": "change_stagesettings"}}, {"model": "auth.permission", "pk": 27, "fields": {"name": "Can delete Настройки этапа", "content_type": 7, "codename": "delete_stagesettings"}}, {"model": "auth.permission", "pk": 28, "fields": {"name": "Can view Настройки этапа", "content_type": 7, "codename": "view_stagesettings"}}, {"model": "auth.permission", "pk": 29, "fields": {"name": "Can add Событие", "content_type": 8, "codename": "add_event"}}, {"model": "auth.permission", "pk": 30, "fields": {"name": "Can change Событие", "content_type": 8, "codename": "change_event"}}, {"model": "auth.permission", "pk": 31, "fields": {"name": "Can delete Событие", "content_type": 8, "codename": "delete_event"}}, {"model": "auth.permission", "pk": 32, "fields": {"name": "Can view Событие", "content_type": 8, "codename": "view_event"}}, {"model": "auth.permission", "pk": 33, "fields": {"name": "Can add Этап", "content_type": 9, "codename": "add_stage"}}, {"model": "auth.permission", "pk": 34, "fields": {"name": "Can change Этап", "content_type": 9, "codename": "change_stage"}}, {"model": "auth.permission", "pk": 35, "fields": {"name": "Can delete Этап", "content_type": 9, "codename": "delete_stage"}}, {"model": "auth.permission", "pk": 36, "fields": {"name": "Can view Этап", "content_type": 9, "codename": "view_stage"}}, {"model": "auth.permission", "pk": 37, "fields": {"name": "Can add Площадка проведения", "content_type": 10, "codename": "add_venue"}}, {"model": "auth.permission", "pk": 38, "fields": {"name": "Can change Площадка проведения", "content_type": 10, "codename": "change_venue"}}, {"model": "auth.permission", "pk": 39, "fields": {"name": "Can delete Площадка проведения", "content_type": 10, "codename": "delete_venue"}}, {"model": "auth.permission", "pk": 40, "fields": {"name": "Can view Площадка проведения", "content_type": 10, "codename": "view_venue"}}, {"model": "auth.permission", "pk": 41, "fields": {"name": "Can add Модераторы этапов", "content_type": 11, "codename": "add_stagestaff"}}, {"model": "auth.permission", "pk": 42, "fields": {"name": "Can change Модераторы этапов", "content_type": 11, "codename": "change_stagestaff"}}, {"model": "auth.permission", "pk": 43, "fields": {"name": "Can delete Модераторы этапов", "content_type": 11, "codename": "delete_stagestaff"}}, {"model": "auth.permission", "pk": 44, "fields": {"name": "Can view Модераторы этапов", "content_type": 11, "codename": "view_stagestaff"}}, {"model": "auth.permission", "pk": 45, "fields": {"name": "Can add stage relation", "content_type": 12, "codename": "add_stagerelation"}}, {"model": "auth.permission", "pk": 46, "fields": {"name": "Can change stage relation", "content_type": 12, "codename": "change_stagerelation"}}, {"model": "auth.permission", "pk": 47, "fields": {"name": "Can delete stage relation", "content_type": 12, "codename": "delete_stagerelation"}}, {"model": "auth.permission", "pk": 48, "fields": {"name": "Can view stage relation", "content_type": 12, "codename": "view_stagerelation"}}, {"model": "auth.permission", "pk": 49, "fields": {"name": "Can add Участники этапов", "content_type": 13, "codename": "add_stageparticipants"}}, {"model": "auth.permission", "pk": 50, "fields": {"name": "Can change Участники этапов", "content_type": 13, "codename": "change_stageparticipants"}}, {"model": "auth.permission", "pk": 51, "fields": {"name": "Can delete Участники этапов", "content_type": 13, "codename": "delete_stageparticipants"}}, {"model": "auth.permission", "pk": 52, "fields": {"name": "Can view Участники этапов", "content_type": 13, "codename": "view_stageparticipants"}}, {"model": "auth.permission", "pk": 53, "fields": {"name": "Can add personal data", "content_type": 14, "codename": "add_personaldata"}}, {"model": "auth.permission", "pk": 54, "fields": {"name": "Can change personal data", "content_type": 14, "codename": "change_personaldata"}}, {"model": "auth.permission", "pk": 55, "fields": {"name": "Can delete personal data", "content_type": 14, "codename": "delete_personaldata"}}, {"model": "auth.permission", "pk": 56, "fields": {"name": "Can view personal data", "content_type": 14, "codename": "view_personaldata"}}, {"model": "auth.permission", "pk": 57, "fields": {"name": "Can add Пользователь", "content_type": 15, "codename": "add_user"}}, {"model": "auth.permission", "pk": 58, "fields": {"name": "Can change Пользователь", "content_type": 15, "codename": "change_user"}}, {"model": "auth.permission", "pk": 59, "fields": {"name": "Can delete Пользователь", "content_type": 15, "codename": "delete_user"}}, {"model": "auth.permission", "pk": 60, "fields": {"name": "Can view Пользователь", "content_type": 15, "codename": "view_user"}}, {"model": "auth.user", "pk": 1, "fields": {"password": "pbkdf2_sha256$390000$HcrfiN74m3vUlyz3aUxHeA$3rfemhJJtn18Qbehg/S6+4a2bfLxdTEohCz9yjYWPls=", "last_login": "2022-12-06T16:18:23Z", "is_superuser": true, "username": "admin", "first_name": "", "last_name": "", "email": "", "is_staff": true, "is_active": true, "date_joined": "2022-12-01T10:41:45Z", "groups": [], "user_permissions": []}}, {"model": "auth.user", "pk": 2, "fields": {"password": "pbkdf2_sha256$390000$E4bzKaSb720CtgI09LpbCS$oTnZlyFcjknbR5FkJ4Og60CVNX/+dL4h6YP5TSvqkJQ=", "last_login": "2022-12-06T16:17:36Z", "is_superuser": false, "username": "user", "first_name": "", "last_name": "", "email": "", "is_staff": true, "is_active": true, "date_joined": "2022-12-06T16:15:48Z", "groups": [], "user_permissions": []}}, {"model": "auth.user", "pk": 3, "fields": {"password": "pbkdf2_sha256$390000$TeZ0UZcL8n7RBYMPm7KI77$BDOa9azANcVEv0oTOtdvBlkxJPIVSUqwbIaIsm2TOjQ=", "last_login": null, "is_superuser": false, "username": "Participant1", "first_name": "", "last_name": "", "email": "", "is_staff": false, "is_active": true, "date_joined": "2022-12-15T15:00:16.799Z", "groups": [], "user_permissions": []}}, {"model": "auth.user", "pk": 4, "fields": {"password": "pbkdf2_sha256$390000$4YzfKx5gGz4p5alLuU0Rua$RTSYUNpHcDzrUY9keYOl4oU1OfxJhmz3JgNZCZ8utYQ=", "last_login": null, "is_superuser": false, "username": "Participant2", "first_name": "", "last_name": "", "email": "", "is_staff": false, "is_active": true, "date_joined": "2022-12-15T15:00:34.388Z", "groups": [], "user_permissions": []}}, {"model": "auth.user", "pk": 5, "fields": {"password": "pbkdf2_sha256$390000$CIh9VijxnnH9OPpgeXTIDY$KvCfLiMwyoT+XwpVJsIHSBLO3yZHqJjygbK8F+82vuk=", "last_login": null, "is_superuser": false, "username": "Participant3", "first_name": "", "last_name": "", "email": "", "is_staff": false, "is_active": true, "date_joined": "2022-12-15T15:00:42.812Z", "groups": [], "user_permissions": []}}, {"model": "auth.user", "pk": 6, "fields": {"password": "pbkdf2_sha256$390000$1RD1XjuIh4BlOyNt3Hncgx$QV8pASBSZR4//1FlwpHfLuSLZKI6BQBYo6R2iJQqc3U=", "last_login": null, "is_superuser": false, "username": "Owner1", "first_name": "", "last_name": "", "email": "", "is_staff": false, "is_active": true, "date_joined": "2022-12-15T16:32:39.961Z", "groups": [], "user_permissions": []}}, {"model": "auth.user", "pk": 7, "fields": {"password": "pbkdf2_sha256$390000$1phHRS8ceOQP2sdxryPYLu$PUMFwDkXZuelPmQe42jr8GBleBx7eIhZhF+QPV2ZlKQ=", "last_login": null, "is_superuser": false, "username": "ivankomar", "first_name": "", "last_name": "", "email": "komarov.ie@phystech.edu", "is_staff": false, "is_active": true, "date_joined": "2023-05-22T21:44:29Z", "groups": [], "user_permissions": []}}, {"model": "auth.user", "pk": 8, "fields": {"password": "pbkdf2_sha256$390000$Bgs2uNVSgRbEahM2kVaxl1$LLOCcug5TmdSGNeAm+hYdvVxr9/am4c09rQEwIhsQRk=", "last_login": null, "is_superuser": false, "username": "narizhnyi.ma", "first_name": "", "last_name": "", "email": "narizhnyi.ma@phystech.edu", "is_staff": false, "is_active": true, "date_joined": "2023-05-22T21:50:05.036Z", "groups": [], "user_permissions": []}}, {"model": "auth.user", "pk": 9, "fields": {"password": "pbkdf2_sha256$390000$akWUF9i0V4WPAyro1XK8E6$1+ned19ut0PsUfQ65IwmiVp03CpIOIJcwKxyEpMt14c=", "last_login": null, "is_superuser": false, "username": "boiarnikov.ea", "first_name": "", "last_name": "", "email": "boiarnikov.ea@phystech.edu", "is_staff": false, "is_active": true, "date_joined": "2023-05-22T21:50:25.192Z", "groups": [], "user_permissions": []}}, {"model": "auth.user", "pk": 10, "fields": {"password": "pbkdf2_sha256$390000$kJVZ2D4ICzhDvWPi8ZQnnd$SRh1t92i6MlUazOMJbpg2I73+xDd13mXOR4BCZLejJU=", "last_login": null, "is_superuser": false, "username": "boiarnikov.aa", "first_name": "", "last_name": "", "email": "boiarnikov.aa@phystech.edu", "is_staff": false, "is_active": true, "date_joined": "2023-05-22T21:50:43.687Z", "groups": [], "user_permissions": []}}, {"model": "auth.user", "pk": 11, "fields": {"password": "pbkdf2_sha256$390000$KdRf6LjExMjbVVwpwllPDB$GDzt+BxJJ57++d5qRQ5FQFBCYEOk5nt0ZOxOGJCBH2g=", "last_login": null, "is_superuser": false, "username": "bolshchikov.ka", "first_name": "", "last_name": "", "email": "bolshchikov.ka@phystech.edu", "is_staff": false, "is_active": true, "date_joined": "2023-05-22T21:51:07.224Z", "groups": [], "user_permissions": []}}, {"model": "auth.user", "pk": 12, "fields": {"password": "pbkdf2_sha256$390000$zfGRgwmIeTHeJ8BQ9ctktf$oMhDgCiGyjqT40pH3iS2U37kpdYJRUu69jmKAWD0hfc=", "last_login": null, "is_superuser": false, "username": "bergman.vd", "first_name": "", "last_name": "", "email": "bergman.vd@phystech.edu", "is_staff": false, "is_active": true, "date_joined": "2023-05-22T21:52:00.620Z", "groups": [], "user_permissions": []}}, {"model": "auth.user", "pk": 13, "fields": {"password": "pbkdf2_sha256$390000$OMLQB3FCcukBj2e2K29SXb$Dk1zNmHTskdNu++c7iqzbIwWZjrHyMczCFnUXgUWN1c=", "last_login": null, "is_superuser": false, "username": "skvortsov.as", "first_name": "", "last_name": "", "email": "skvortsov.as@phystech.edu", "is_staff": false, "is_active": true, "date_joined": "2023-05-22T21:52:18.193Z", "groups": [], "user_permissions": []}}, {"model": "auth.user", "pk": 14, "fields": {"password": "pbkdf2_sha256$390000$KBm12vAjOtFxSDVS1rpC2P$i71Q2Zgr1WKSIaPOnP0awmT9/7so22bJDL4GvPxg6Aw=", "last_login": null, "is_superuser": false, "username": "malykh.ms", "first_name": "", "last_name": "", "email": "malykh.ms@phystech.edu", "is_staff": false, "is_active": true, "date_joined": "2023-05-22T21:57:29.077Z", "groups": [], "user_permissions": []}}, {"model": "auth.user", "pk": 15, "fields": {"password": "pbkdf2_sha256$390000$vHB3UPaPfYAEcxerRszqQt$dCXFs+HAAvz7J2je78hR/XhFk1j1ke3khogvaOkj2XQ=", "last_login": null, "is_superuser": false, "username": "zhukov.kg", "first_name": "", "last_name": "", "email": "zhukov.kg@phystech.edu", "is_staff": false, "is_active": true, "date_joined": "2023-05-22T21:57:55.122Z", "groups": [], "user_permissions": []}}, {"model": "auth.user", "pk": 16, "fields": {"password": "pbkdf2_sha256$390000$jiOFrQSNqBo8tY5j1bIiga$Dt3MolWB1d42HRPafmNy0O5UdReoH+p4yPE5uX509yE=", "last_login": null, "is_superuser": false, "username": "zhogov.ad", "first_name": "", "last_name": "", "email": "zhogov.ad@phystech.edu", "is_staff": false, "is_active": true, "date_joined": "2023-05-22T21:58:10.421Z", "groups": [], "user_permissions": []}}, {"model": "auth.user", "pk": 17, "fields": {"password": "pbkdf2_sha256$390000$OPMARabm9HCqIYKgPICBlT$q+Fe5XWN96KsfdgTtppUnh+cj0ainKxMAh+YbIgbIac=", "last_login": null, "is_superuser": false, "username": "demidova.ki", "first_name": "", "last_name": "", "email": "demidova.ki@phystech.edu", "is_staff": false, "is_active": true, "date_joined": "2023-05-22T21:58:26.705Z", "groups": [], "user_permissions": []}}, {"model": "auth.user", "pk": 18, "fields": {"password": "pbkdf2_sha256$390000$gsvFuPOlJc4gZ6nTuIe3Cw$vhrtKic8TL/V3CP8FGOwo3DYgc7/F0Y8YXEbeAn0Z4o=", "last_login": null, "is_superuser": false, "username": "polishchuk.td", "first_name": "", "last_name": "", "email": "polishchuk.td@phystech.edu", "is_staff": false, "is_active": true, "date_joined": "2023-05-22T21:58:43.185Z", "groups": [], "user_permissions": []}}, {"model": "auth.user", "pk": 19, "fields": {"password": "pbkdf2_sha256$390000$bFnqQcwqDRI4KdtzJDVRx1$y5M9DYsckz4uw9EcwJhAwWNJTiV1Fqi6rkk4/pleMOs=", "last_login": null, "is_superuser": false, "username": "pavlova.nv", "first_name": "", "last_name": "", "email": "pavlova.nv@phystech.edu", "is_staff": false, "is_active": true, "date_joined": "2023-05-22T21:58:57.090Z", "groups": [], "user_permissions": []}}, {"model": "auth.user", "pk": 20, "fields": {"password": "pbkdf2_sha256$390000$2lKFpRhra1nYO5zaBDLTd9$ey9vIOBXvYsotlGH2DNOR0mAFbcSBYO5Xj/VCqJWyQ4=", "last_login": null, "is_superuser": false, "username": "naidenov.ma", "first_name": "", "last_name": "", "email": "naidenov.ma@phystech.edu", "is_staff": false, "is_active": true, "date_joined": "2023-05-22T21:59:11.682Z", "groups": [], "user_permissions": []}}, {"model": "auth.user", "pk": 21, "fields": {"password": "pbkdf2_sha256$390000$wE9DVQnSsaHFidGV1qpYXC$TlbfN0GNYESjxGrwlZBZHC7yG++J9eNb2sTsg4e1k5k=", "last_login": null, "is_superuser": false, "username": "mokeeva.ma", "first_name": "", "last_name": "", "email": "mokeeva.ma@phystech.edu", "is_staff": false, "is_active": true, "date_joined": "2023-05-22T22:00:05.059Z", "groups": [], "user_permissions": []}}, {"model": "contenttypes.contenttype", "pk": 1, "fields": {"app_label": "admin", "model": "logentry"}}, {"model": "contenttypes.contenttype", "pk": 2, "fields": {"app_label": "auth", "model": "permission"}}, {"model": "contenttypes.contenttype", "pk": 3, "fields": {"app_label": "auth", "model": "group"}}, {"model": "contenttypes.contenttype", "pk": 4, "fields": {"app_label": "auth", "model": "user"}}, {"model": "contenttypes.contenttype", "pk": 5, "fields": {"app_label": "contenttypes", "model": "contenttype"}}, {"model": "contenttypes.contenttype", "pk": 6, "fields": {"app_label": "sessions", "model": "session"}}, {"model": "contenttypes.contenttype", "pk": 7, "fields": {"app_label": "creator_handler", "model": "stagesettings"}}, {"model": "contenttypes.contenttype", "pk": 8, "fields": {"app_label": "event_handler", "model": "event"}}, {"model": "contenttypes.contenttype", "pk": 9, "fields": {"app_label": "event_handler", "model": "stage"}}, {"model": "contenttypes.contenttype", "pk": 10, "fields": {"app_label": "event_handler", "model": "venue"}}, {"model": "contenttypes.contenttype", "pk": 11, "fields": {"app_label": "event_handler", "model": "stagestaff"}}, {"model": "contenttypes.contenttype", "pk": 12, "fields": {"app_label": "event_handler", "model": "stagerelation"}}, {"model": "contenttypes.contenttype", "pk": 13, "fields": {"app_label": "event_handler", "model": "stageparticipants"}}, {"model": "contenttypes.contenttype", "pk": 14, "fields": {"app_label": "user_handler", "model": "personaldata"}}, {"model": "contenttypes.contenttype", "pk": 15, "fields": {"app_label": "user_handler", "model": "user"}}, {"model": "sessions.session", "pk": "0n5rua4y4rmq3khrujz5ryvpwmubuqf3", "fields": {"session_data": ".eJxVjEsOwiAUAO_C2hC-feDSfc9AHvCUqoGktCvj3ZWkC93OTObFAu5bCXunNSyZnZlkp18WMT2oDpHvWG-Np1a3dYl8JPywnc8t0_NytH-Dgr2MrbVJkRPaR0AtvElgZARtxeSJYJKoFRhyRn0rkImc9sqDtBiN9VfL3h-tOzZm:1pzzsh:Ag_eXbWAZwNJ3h8tgsU436aJPWJ7w8tZn6_Eof5cEwk", "expire_date": "2023-06-02T13:10:51.342Z"}}, {"model": "sessions.session", "pk": "d0va30phmlirh1jnba7m4o99du99u0ex", "fields": {"session_data": ".eJxVjEsOwiAUAO_C2hC-feDSfc9AHvCUqoGktCvj3ZWkC93OTObFAu5bCXunNSyZnZlkp18WMT2oDpHvWG-Np1a3dYl8JPywnc8t0_NytH-Dgr2MrbVJkRPaR0AtvElgZARtxeSJYJKoFRhyRn0rkImc9sqDtBiN9VfL3h-tOzZm:1prmFl:ez1rK2oZRc9u8d3zbFGT7Q9pUJOF7kYHaBOOoaA2Npg", "expire_date": "2023-05-10T21:00:41.909Z"}}, {"model": "creator_handler.stagesettings", "pk": 1, "fields": {"can_register": false, "can_user_choose_venue": false, "application_auto_accept": false, "public_participant_list": false, "contacts_is_visible": false, "who_can_edit_venues": 100, "who_can_accept_applications": 100, "who_can_manage_mailing_list": 100}}, {"model": "creator_handler.stagesettings", "pk": 2, "fields": {"can_register": false, "can_user_choose_venue": false, "application_auto_accept": false, "public_participant_list": false, "contacts_is_visible": false, "who_can_edit_venues": 100, "who_can_accept_applications": 100, "who_can_manage_mailing_list": 100}}, {"model": "creator_handler.stagesettings", "pk": 3, "fields": {"can_register": false, "can_user_choose_venue": false, "application_auto_accept": false, "public_participant_list": false, "contacts_is_visible": false, "who_can_edit_venues": 100, "who_can_accept_applications": 100, "who_can_manage_mailing_list": 100}}, {"model": "creator_handler.stagesettings", "pk": 4, "fields": {"can_register": false, "can_user_choose_venue": false, "application_auto_accept": false, "public_participant_list": false, "contacts_is_visible": false, "who_can_edit_venues": 100, "who_can_accept_applications": 100, "who_can_manage_mailing_list": 100}}, {"model": "creator_handler.stagesettings", "pk": 5, "fields": {"can_register": false, "can_user_choose_venue": false, "application_auto_accept": false, "public_participant_list": false, "contacts_is_visible": false, "who_can_edit_venues": 100, "who_can_accept_applications": 100, "who_can_manage_mailing_list": 100}}, {"model": "creator_handler.stagesettings", "pk": 6, "fields": {"can_register": false, "can_user_choose_venue": false, "application_auto_accept": false, "public_participant_list": false, "contacts_is_visible": false, "who_can_edit_venues": 100, "who_can_accept_applications": 100, "who_can_manage_mailing_list": 100}}, {"model": "creator_handler.stagesettings", "pk": 7, "fields": {"can_register": false, "can_user_choose_venue": false, "application_auto_accept": false, "public_participant_list": false, "contacts_is_visible": false, "who_can_edit_venues": 100, "who_can_accept_applications": 100, "who_can_manage_mailing_list": 100}}, {"model": "creator_handler.stagesettings", "pk": 8, "fields": {"can_register": false, "can_user_choose_venue": false, "application_auto_accept": false, "public_participant_list": false, "contacts_is_visible": false, "who_can_edit_venues": 100, "who_can_accept_applications": 100, "who_can_manage_mailing_list": 100}}, {"model": "creator_handler.stagesettings", "pk": 9, "fields": {"can_register": false, "can_user_choose_venue": false, "application_auto_accept": false, "public_participant_list": false, "contacts_is_visible": false, "who_can_edit_venues": 100, "who_can_accept_applications": 100, "who_can_manage_mailing_list": 100}}, {"model": "creator_handler.stagesettings", "pk": 10, "fields": {"can_register": false, "can_user_choose_venue": false, "application_auto_accept": false, "public_participant_list": false, "contacts_is_visible": false, "who_can_edit_venues": 100, "who_can_accept_applications": 100, "who_can_manage_mailing_list": 100}}, {"model": "creator_handler.stagesettings", "pk": 11, "fields": {"can_register": false, "can_user_choose_venue": false, "application_auto_accept": false, "public_participant_list": false, "contacts_is_visible": false, "who_can_edit_venues": 100, "who_can_accept_applications": 100, "who_can_manage_mailing_list": 100}}, {"model": "creator_handler.stagesettings", "pk": 12, "fields": {"can_register": false, "can_user_choose_venue": false, "application_auto_accept": false, "public_participant_list": false, "contacts_is_visible": false, "who_can_edit_venues": 100, "who_can_accept_applications": 100, "who_can_manage_mailing_list": 100}}, {"model": "creator_handler.stagesettings", "pk": 13, "fields": {"can_register": true, "can_user_choose_venue": false, "application_auto_accept": false, "public_participant_list": false, "contacts_is_visible": false, "who_can_edit_venues": 100, "who_can_accept_applications": 100, "who_can_manage_mailing_list": 100}}, {"model": "creator_handler.stagesettings", "pk": 14, "fields": {"can_register": true, "can_user_choose_venue": false, "application_auto_accept": false, "public_participant_list": false, "contacts_is_visible": false, "who_can_edit_venues": 100, "who_can_accept_applications": 100, "who_can_manage_mailing_list": 100}}, {"model": "creator_handler.stagesettings", "pk": 15, "fields": {"can_register": true, "can_user_choose_venue": false, "application_auto_accept": false, "public_participant_list": false, "contacts_is_visible": false, "who_can_edit_venues": 100, "who_can_accept_applications": 100, "who_can_manage_mailing_list": 100}}, {"model": "event_handler.event", "pk": 1, "fields": {"name": "Технокубок 2022-2023", "description": "Олимпиада по спортивному программированию для учеников 8-11 классов"}}, {"model": "event_handler.event", "pk": 2, "fields": {"name": "Yandex job fair", "description": "Получите офер в любую из команд: Поиск, Реклама, Yandex Сloud, Яндекс 360, Бизнес-приложения, Суперапп, Умный дом, Маркет, Еда, HR Tech."}}, {"model": "event_handler.event", "pk": 3, "fields": {"name": "Sber Offer Weekend", "description": "Нам нужны Data Scientists, Data Engineers и Data Analysts\r\nСтань частью команды Сбера\r\nбез многоэтапных собеседований и тестовых заданий"}}, {"model": "event_handler.event", "pk": 6, "fields": {"name": "Хакатон Sber Backend", "description": "Участвуйте в Хакатоне от Sber и получите офер в команду и ценные призы!"}}, {"model": "event_handler.stage", "pk": 1, "fields": {"name": "Yandex Job Fair", "parent": 2, "contacts": "", "description": "Получите офер в любую из команд: Поиск, Реклама, Yandex Сloud, Яндекс 360, Бизнес-приложения, Суперапп, Умный дом, Маркет, Еда, HR Tech.", "preview": "Получите офер в любую из команд: Поиск, Реклама, Yandex Сloud, Яндекс 360, Бизнес-приложения, Супера", "status": 0, "settings": 3, "time_start": "2022-12-16T00:00:00Z", "time_end": "2022-12-28T16:27:35Z", "next_stage": null}}, {"model": "event_handler.stage", "pk": 2, "fields": {"name": "Sber Offer Weekend", "parent": 3, "contacts": "", "description": "", "preview": "Знакомство с вакансиями.", "status": 0, "settings": 2, "time_start": "2022-12-20T16:27:46Z", "time_end": "2023-01-05T16:27:50Z", "next_stage": null}}, {"model": "event_handler.stage", "pk": 3, "fields": {"name": "Технокубок Тестовый Этап", "parent": 1, "contacts": "", "description": "", "preview": "Проверьте ваши устройства.", "status": 0, "settings": 1, "time_start": "2022-12-15T16:24:50Z", "time_end": "2022-12-22T16:24:54Z", "next_stage": null}}, {"model": "event_handler.stage", "pk": 6, "fields": {"name": "Хакатон Backend Финал", "parent": 6, "contacts": "", "description": "Отбор в команду сбера, финальный этап", "preview": "Отбор в команду сбера, финальный этап", "status": 0, "settings": 6, "time_start": "2023-06-09T00:00:00Z", "time_end": "2023-06-21T00:00:00Z", "next_stage": null}}, {"model": "event_handler.stage", "pk": 12, "fields": {"name": "Полуфинал Хакатона", "parent": 6, "contacts": "", "description": "Полуфинал Хакатона", "preview": "Полуфинал Хакатона", "status": 0, "settings": 12, "time_start": "2023-06-01T00:00:00Z", "time_end": "2023-06-08T00:00:00Z", "next_stage": 6}}, {"model": "event_handler.stage", "pk": 13, "fields": {"name": "Отбор Backend Sber 2", "parent": 6, "contacts": "", "description": "Отбор Backend Sber 2", "preview": "Отбор Backend Sber 2", "status": 0, "settings": 13, "time_start": "2023-05-22T21:27:04Z", "time_end": "2023-05-31T00:00:00Z", "next_stage": 12}}, {"model": "event_handler.stage", "pk": 14, "fields": {"name": "Отбор Backend Sber 3", "parent": 6, "contacts": "", "description": "Отбор Backend Sber 3", "preview": "Отбор Backend Sber 3", "status": 0, "settings": 14, "time_start": "2023-05-22T21:27:24Z", "time_end": "2023-05-31T00:00:00Z", "next_stage": 12}}, {"model": "event_handler.stage", "pk": 15, "fields": {"name": "Отбор Backend Sber 1", "parent": 6, "contacts": "", "description": "Отбор Backend Sber 1", "preview": "Отбор Backend Sber 1", "status": 0, "settings": 15, "time_start": "2023-05-22T21:26:41Z", "time_end": "2023-05-31T00:00:00Z", "next_stage": 12}}, {"model": "event_handler.venue", "pk": 1, "fields": {"name": "yandex.contest", "address": "ya.ru", "region": null, "participants_maximum": null, "parental_stage": 3, "contacts": ""}}, {"model": "event_handler.venue", "pk": 2, "fields": {"name": "Москва Offer Sber 0.5", "address": "Москва , Мавзолей Ленина", "region": 4, "participants_maximum": 100, "parental_stage": 12, "contacts": ""}}, {"model": "event_handler.venue", "pk": 3, "fields": {"name": "Анапа", "address": "Анапа, Площадь революции", "region": 200, "participants_maximum": 20, "parental_stage": 6, "contacts": ""}}, {"model": "event_handler.venue", "pk": 4, "fields": {"name": "Москва Offer Sber 1", "address": "Москва , Мавзолей Ленина", "region": 4, "participants_maximum": 100, "parental_stage": 15, "contacts": ""}}, {"model": "event_handler.venue", "pk": 5, "fields": {"name": "Москва Offer Sber 2", "address": "Москва , Мавзолей Ленина", "region": 4, "participants_maximum": 100, "parental_stage": 13, "contacts": ""}}, {"model": "event_handler.venue", "pk": 6, "fields": {"name": "Москва Offer Sber 3", "address": "Москва , Мавзолей Ленина", "region": 4, "participants_maximum": 100, "parental_stage": 14, "contacts": ""}}, {"model": "event_handler.stageparticipants", "pk": 2, "fields": {"stage": 1, "user": 2, "venue": 1, "role": 0, "status": 0, "score": null, "yandex_contest_id": ""}}, {"model": "event_handler.stageparticipants", "pk": 3, "fields": {"stage": 2, "user": 4, "venue": 1, "role": 10, "status": 400, "score": null, "yandex_contest_id": ""}}, {"model": "event_handler.stageparticipants", "pk": 4, "fields": {"stage": 3, "user": 4, "venue": 1, "role": 10, "status": 200, "score": null, "yandex_contest_id": ""}}, {"model": "event_handler.stageparticipants", "pk": 8, "fields": {"stage": 1, "user": 3, "venue": 1, "role": 0, "status": 200, "score": 0, "yandex_contest_id": ""}}, {"model": "event_handler.stageparticipants", "pk": 9, "fields": {"stage": 15, "user": 8, "venue": 4, "role": 0, "status": 200, "score": 0, "yandex_contest_id": ""}}, {"model": "event_handler.stageparticipants", "pk": 10, "fields": {"stage": 15, "user": 9, "venue": 4, "role": 0, "status": 200, "score": 0, "yandex_contest_id": ""}}, {"model": "event_handler.stageparticipants", "pk": 11, "fields": {"stage": 15, "user": 10, "venue": 4, "role": 0, "status": 200, "score": 0, "yandex_contest_id": ""}}, {"model": "event_handler.stageparticipants", "pk": 12, "fields": {"stage": 15, "user": 11, "venue": 4, "role": 0, "status": 200, "score": 0, "yandex_contest_id": ""}}, {"model": "event_handler.stageparticipants", "pk": 13, "fields": {"stage": 15, "user": 12, "venue": 4, "role": 0, "status": 200, "score": 0, "yandex_contest_id": ""}}, {"model": "event_handler.stageparticipants", "pk": 14, "fields": {"stage": 13, "user": 13, "venue": 5, "role": 0, "status": 200, "score": 0, "yandex_contest_id": ""}}, {"model": "event_handler.stageparticipants", "pk": 15, "fields": {"stage": 13, "user": 14, "venue": 5, "role": 0, "status": 200, "score": 0, "yandex_contest_id": ""}}, {"model": "event_handler.stageparticipants", "pk": 16, "fields": {"stage": 13, "user": 16, "venue": 5, "role": 0, "status": 200, "score": 0, "yandex_contest_id": ""}}, {"model": "event_handler.stageparticipants", "pk": 17, "fields": {"stage": 13, "user": 15, "venue": 5, "role": 0, "status": 200, "score": 0, "yandex_contest_id": ""}}, {"model": "event_handler.stageparticipants", "pk": 18, "fields": {"stage": 13, "user": 17, "venue": 5, "role": 0, "status": 200, "score": 0, "yandex_contest_id": ""}}, {"model": "event_handler.stageparticipants", "pk": 19, "fields": {"stage": 14, "user": 18, "venue": 6, "role": 0, "status": 200, "score": 0, "yandex_contest_id": ""}}, {"model": "event_handler.stageparticipants", "pk": 20, "fields": {"stage": 14, "user": 19, "venue": 6, "role": 0, "status": 200, "score": 0, "yandex_contest_id": ""}}, {"model": "event_handler.stageparticipants", "pk": 21, "fields": {"stage": 14, "user": 20, "venue": 6, "role": 0, "status": 200, "score": 0, "yandex_contest_id": ""}}, {"model": "event_handler.stageparticipants", "pk": 22, "fields": {"stage": 14, "user": 21, "venue": 6, "role": 0, "status": 200, "score": 0, "yandex_contest_id": ""}}, {"model": "event_handler.stageparticipants", "pk": 23, "fields": {"stage": 14, "user": 7, "venue": 6, "role": 0, "status": 200, "score": 0, "yandex_contest_id": ""}}, {"model": "event_handler.stagestaff", "pk": 1, "fields": {"stage": 1, "user": 6, "venue": 1, "role": 100, "status": 200}}, {"model": "event_handler.stagestaff", "pk": 4, "fields": {"stage": 6, "user": 1, "venue": null, "role": 100, "status": 200}}, {"model": "user_handler.personaldata", "pk": 1, "fields": {"name": "Jake", "surname": "Pupa", "region": 1}}, {"model": "user_handler.personaldata", "pk": 2, "fields": {"name": "Josh", "surname": "Lupa", "region": 1}}, {"model": "user_handler.personaldata", "pk": 3, "fields": {"name": "Participant1", "surname": "1", "region": 1}}, {"model": "user_handler.personaldata", "pk": 4, "fields": {"name": "Participant2", "surname": "2", "region": 1}}, {"model": "user_handler.personaldata", "pk": 5, "fields": {"name": "Participant3", "surname": "3", "region": 1}}, {"model": "user_handler.personaldata", "pk": 6, "fields": {"name": "Яша", "surname": "владею 1 этапом", "region": 1}}, {"model": "user_handler.personaldata", "pk": 7, "fields": {"name": "", "surname": "", "region": 1}}, {"model": "user_handler.personaldata", "pk": 8, "fields": {"name": "", "surname": "", "region": 1}}, {"model": "user_handler.personaldata", "pk": 9, "fields": {"name": "", "surname": "", "region": 1}}, {"model": "user_handler.personaldata", "pk": 10, "fields": {"name": "", "surname": "", "region": 1}}, {"model": "user_handler.personaldata", "pk": 11, "fields": {"name": "", "surname": "", "region": 1}}, {"model": "user_handler.personaldata", "pk": 12, "fields": {"name": "", "surname": "", "region": 1}}, {"model": "user_handler.personaldata", "pk": 13, "fields": {"name": "", "surname": "", "region": 1}}, {"model": "user_handler.personaldata", "pk": 14, "fields": {"name": "", "surname": "", "region": 1}}, {"model": "user_handler.personaldata", "pk": 15, "fields": {"name": "", "surname": "", "region": 1}}, {"model": "user_handler.personaldata", "pk": 16, "fields": {"name": "", "surname": "", "region": 1}}, {"model": "user_handler.personaldata", "pk": 17, "fields": {"name": "", "surname": "", "region": 1}}, {"model": "user_handler.personaldata", "pk": 18, "fields": {"name": "", "surname": "", "region": 1}}, {"model": "user_handler.personaldata", "pk": 19, "fields": {"name": "", "surname": "", "region": 1}}, {"model": "user_handler.personaldata", "pk": 20, "fields": {"name": "", "surname": "", "region": 1}}, {"model": "user_handler.personaldata", "pk": 21, "fields": {"name": "", "surname": "", "region": 1}}, {"model": "user_handler.user", "pk": 1, "fields": {"user": 1, "personal_data": 1, "is_verified": false}}, {"model": "user_handler.user", "pk": 2, "fields": {"user": 2, "personal_data": 2, "is_verified": false}}, {"model": "user_handler.user", "pk": 3, "fields": {"user": 3, "personal_data": 3, "is_verified": false}}, {"model": "user_handler.user", "pk": 4, "fields": {"user": 4, "personal_data": 4, "is_verified": false}}, {"model": "user_handler.user", "pk": 5, "fields": {"user": 5, "personal_data": 5, "is_verified": false}}, {"model": "user_handler.user", "pk": 6, "fields": {"user": 6, "personal_data": 6, "is_verified": false}}, {"model": "user_handler.user", "pk": 7, "fields": {"user": 7, "personal_data": 7, "is_verified": false}}, {"model": "user_handler.user", "pk": 8, "fields": {"user": 8, "personal_data": 8, "is_verified": false}}, {"model": "user_handler.user", "pk": 9, "fields": {"user": 9, "personal_data": 9, "is_verified": false}}, {"model": "user_handler.user", "pk": 10, "fields": {"user": 10, "personal_data": 10, "is_verified": false}}, {"model": "user_handler.user", "pk": 11, "fields": {"user": 11, "personal_data": 11, "is_verified": false}}, {"model": "user_handler.user", "pk": 12, "fields": {"user": 12, "personal_data": 12, "is_verified": false}}, {"model": "user_handler.user", "pk": 13, "fields": {"user": 13, "personal_data": 13, "is_verified": false}}, {"model": "user_handler.user", "pk": 14, "fields": {"user": 14, "personal_data": 14, "is_verified": false}}, {"model": "user_handler.user", "pk": 15, "fields": {"user": 15, "personal_data": 15, "is_verified": false}}, {"model": "user_handler.user", "pk": 16, "fields": {"user": 16, "personal_data": 16, "is_verified": false}}, {"model": "user_handler.user", "pk": 17, "fields": {"user": 17, "personal_data": 17, "is_verified": false}}, {"model": "user_handler.user", "pk": 18, "fields": {"user": 18, "personal_data": 18, "is_verified": false}}, {"model": "user_handler.user", "pk": 19, "fields": {"user": 19, "personal_data": 19, "is_verified": false}}, {"model": "user_handler.user", "pk": 20, "fields": {"user": 20, "personal_data": 20, "is_verified": false}}, {"model": "user_handler.user", "pk": 21, "fields": {"user": 21, "personal_data": 21, "is_verified": false}}]